{"cameraMode":{"drawMode":0,"name":"Shaded","section":"Shading Mode"},"sceneLighting":true,"audioPlay":false,"sceneViewState":{"m_AlwaysRefresh":false,"showFog":true,"showSkybox":true,"showFlares":true,"showImageEffects":true,"showParticleSystems":true,"showVisualEffectGraphs":true,"m_FxEnabled":true},"in2DMode":false,"pivot":{"x":1113.6768798828125,"y":328.0284423828125,"z":44.57098388671875},"rotation":{"x":-0.06775137037038803,"y":0.014064299874007702,"z":-0.0009550616960041225,"w":-0.9976092576980591},"size":611.90771484375,"orthographic":false}